provider,page_type,url,html_tag,text,scraped_at
Klarna,homepage,https://www.klarna.com/us/,h2,Use Klarna anywhere you shop,2026-05-20T20:11:37.631472
Klarna,homepage,https://www.klarna.com/us/,h2,No fees if you pay on time,2026-05-20T20:11:37.631472
Klarna,homepage,https://www.klarna.com/us/,h2,Security and buyer protection,2026-05-20T20:11:37.631472
Klarna,homepage,https://www.klarna.com/us/,h2,Pay with Klarna at your favorite brands,2026-05-20T20:11:37.631472
Klarna,homepage,https://www.klarna.com/us/,h3,The flexible way to pay at Walmart,2026-05-20T20:11:37.631472
Klarna,homepage,https://www.klarna.com/us/,p,"Warning! You may receive a scam email, SMS, phone call or job offer pretending to be from Klarna. Remember, Klarna will never contact you and request your personal information, login details, passwords, bank or card details, or account verification through unfamiliar links. Phishing attempts can be reported here .",2026-05-20T20:11:37.631472
Klarna,homepage,https://www.klarna.com/us/,p,"Shop securely and choose to pay in 4 interest-free payments, in full, in 30 days, or over time.¹",2026-05-20T20:11:37.631472
Klarna,homepage,https://www.klarna.com/us/,p,Find the pink Klarna badge at your favorite brands when you shop online.,2026-05-20T20:11:37.631472
Klarna,homepage,https://www.klarna.com/us/,p,"Stay on top of your spending, shop anywhere with Klarna and earn cashback.²",2026-05-20T20:11:37.631472
Klarna,homepage,https://www.klarna.com/us/,p,Pay over time on Apple Pay when shopping online or in-store.³,2026-05-20T20:11:37.631472
Klarna,homepage,https://www.klarna.com/us/,p,Shop anywhere Visa is accepted and choose how you pay.⁴,2026-05-20T20:11:37.631472
Klarna,homepage,https://www.klarna.com/us/,p,"Enjoy secure shopping, lightning-fast checkout, and flexible payment options that suit your budget.",2026-05-20T20:11:37.631472
Klarna,homepage,https://www.klarna.com/us/,p,"Pay over time with Klarna's flexible payment options, giving you more control over your budget.⁵",2026-05-20T20:11:37.631472
Klarna,homepage,https://www.klarna.com/us/,p,Shop with confidence knowing there are no surprise fees or charges when you use Klarna.⁶,2026-05-20T20:11:37.631472
Klarna,homepage,https://www.klarna.com/us/,p,"Enjoy a quick, seamless checkout process that makes shopping faster and easier.",2026-05-20T20:11:37.631472
Klarna,homepage,https://www.klarna.com/us/,p,"Shop safely with Klarna's robust security features and buyer protection, ensuring peace of mind with every transaction.⁷",2026-05-20T20:11:37.631472
Klarna,homepage,https://www.klarna.com/us/,p,"Earn cashback, shop all of your favorite stores and stay on top of your spending.",2026-05-20T20:11:37.631472
Klarna,homepage,https://www.klarna.com/us/,p,Choose OnePay Later to split your Walmart purchase into smaller payments. A new payment option powered by Klarna.,2026-05-20T20:11:37.631472
Klarna,homepage,https://www.klarna.com/us/,p,119m people love to shop and pay with Klarna anywhere.,2026-05-20T20:11:37.631472
Klarna,homepage,https://www.klarna.com/us/,p,"""Love the convenience and auto payments to repay back quickly.""",2026-05-20T20:11:37.631472
Klarna,homepage,https://www.klarna.com/us/,p,"""Super convenient and easy!! Haven’t had any issues getting approved, set-up or making payments. Would recommend """,2026-05-20T20:11:37.631472
Klarna,homepage,https://www.klarna.com/us/,p,"“I'm very satisfied using Klarna, it makes it easy for me to purchase things from my favorite retail places like Macy's or Temu and Shein! I always use them to make any purchases I need to happy and satisfied customer!👏“",2026-05-20T20:11:37.631472
Klarna,homepage,https://www.klarna.com/us/,p,Maria - 25th of February 2025,2026-05-20T20:11:37.631472
Klarna,homepage,https://www.klarna.com/us/,p,“Klarna is a awesome app. Very convenient and easy to use. Their payment plans are excellent and help make the purchases you want without the pressure of paying in full or added interest.“,2026-05-20T20:11:37.631472
Klarna,homepage,https://www.klarna.com/us/,p,Katy - 13th of February 2025,2026-05-20T20:11:37.631472
Klarna,homepage,https://www.klarna.com/us/,p,"""Very good company, it helps me a lot with my purchases with easy payment options.""",2026-05-20T20:11:37.631472
Klarna,homepage,https://www.klarna.com/us/,p,Customer reviews reflect their personal experience and opinion.,2026-05-20T20:11:37.631472
Klarna,homepage,https://www.klarna.com/us/,p,Showing our 5-star reviews.,2026-05-20T20:11:37.631472
Klarna,homepage,https://www.klarna.com/us/,p,¹ CA resident loans made or arranged pursuant to a California Financing Law license. NMLS # 1353190.,2026-05-20T20:11:37.631472
Klarna,homepage,https://www.klarna.com/us/,p,"² Earn cashback on Klarna App purchases. Klarna balance account required and funds can only be used within Klarna. Cashback issuance depends on store approval and may be affected by cookie settings, combining offers, product exclusions, or other factors beyond our control. Klarna may get a commission. Limitations, terms and conditions apply .",2026-05-20T20:11:37.631472
Klarna,homepage,https://www.klarna.com/us/,p,³ Klarna on Apple Pay is available in-store on iPhone and online or in apps on iPhone or iPad. Software requirements apply.,2026-05-20T20:11:37.631472
Klarna,homepage,https://www.klarna.com/us/,p,"Use Klarna with a service fee between $0.75-$3 issued by WebBank. For example: a $160 purchase with a $40 down payment and $2 service fee results in a 21.97% APR, followed by three more biweekly payments of $40 (total repayment: $162). Subject to credit approval; minimum 25% down payment required. See payment terms. A higher initial payment may be required for some consumers. CA resident loans made or arranged pursuant to a California Financing Law license. NMLS #1353190.",2026-05-20T20:11:37.631472
Klarna,homepage,https://www.klarna.com/us/,p,"Paying over time on Apple Pay: Loans/plans not offered by Apple. Subject to eligibility requirements and approval. Not available in all markets, and may not be available for all types of purchases, such as subscriptions and recurring transactions. Your loan/plan activity may be reported to credit bureaus by your lending/plan provider, which may affect your credit score. The availability of your loan/plan may have an expiration date. Available with Apple Pay in stores on iPhone, and online and in apps on iPhone or iPad. Software requirements apply. Additional terms may apply. For more eligibility and feature details, see Pay with installments using Apple Pay. To use Apple Pay, you need a supported card from a participating card issuer. To check if your card is compatible with Apple Pay, contact your card issuer.",2026-05-20T20:11:37.631472
Klarna,homepage,https://www.klarna.com/us/,p,"Apple Pay is not available in all markets. View Apple Pay countries and regions. Features are subject to change. Some features, applications, and services may not be available in all regions or all languages and may require specific hardware and software. For more information, see Feature Availability.",2026-05-20T20:11:37.631472
Klarna,homepage,https://www.klarna.com/us/,p,"Apple Pay is a service provided by Apple Payments Services LLC, a subsidiary of Apple Inc. Neither Apple Inc. nor Apple Payments Services LLC is a bank. Any card used in Apple Pay is offered by the card issuer.",2026-05-20T20:11:37.631472
Klarna,homepage,https://www.klarna.com/us/,p,"Klarna on Apple Pay is available in-store on iPhone and online or in apps on iPhone or iPad. Software requirements apply. Use Klarna for Pay in 4 with a service fee between $1.29-$5.99, issued by WebBank. For example: a $248 purchase with a $62 down payment and a $4.99 service fee results in a 35.68% APR, followed by three additional biweekly payments of $62 (total repayment: $252.99). Subject to credit approval; minimum 25% down payment required. For monthly financing, rate ranges from 0.00%-35.99% APR based on creditworthiness, term length, and subject to credit approval, resulting in, for example, 3 equal monthly payments of $333.33 at 0.00% APR to $353.52 at 35.99% APR per $1,000 borrowed. Minimum purchase amount and down payment may be required. Estimation of monthly payment excludes potential tax and shipping costs. Paying over time on Apple Pay: Loans/plans not offered by Apple. Subject to eligibility requirements and approval. Not available in all markets, and may not be available for all types of purchases, such as subscriptions and recurring transactions. Your loan/plan activity may be reported to credit bureaus by your lending/plan provider, which may affect your credit score. The availability of your loan/plan may have an expiration date. Available with Apple Pay in stores on iPhone, and online and in apps on iPhone or iPad. Software requirements apply. Additional terms may apply. For more eligibility and feature details, see Pay with installments using Apple Pay. To use Apple Pay, you need a supported card from a participating card issuer. To check if your card is compatible with Apple Pay, contact your card issuer. Apple Pay is not available in all markets. View Apple Pay countries and regions. Features are subject to change. Some features, applications, and services may not be available in all regions or all languages and may require specific hardware and software. For more information, see Feature Availability. Apple Pay is a service provided by Apple Payments Services LLC, a subsidiary of Apple Inc. Neither Apple Inc. nor Apple Payments Services LLC is a bank. Any card used in Apple Pay is offered by the card issuer.",2026-05-20T20:11:37.631472
Klarna,homepage,https://www.klarna.com/us/,p,"⁴ Klarna Debit Flex Card is issued by Webbank, Member FDIC. Use your card anywhere Visa is accepted. Certain merchant, product, good and service restrictions apply. Some merchants do not accept virtual cards. Physical card only included with a paid Klarna Membership Plan.",2026-05-20T20:11:37.631472
Klarna,homepage,https://www.klarna.com/us/,p,⁵ See payment terms . A higher initial payment may be required for some consumers. CA resident loans made or arranged pursuant to a California Financing Law license. NMLS #1353190.,2026-05-20T20:11:37.631472
Klarna,homepage,https://www.klarna.com/us/,p,"⁶ A $1,000 purchase might cost $173.53 per month over 6 months at 13.99% APR. Rate ranges from 0.00%-35.99% APR based on creditworthiness, term length, and subject to credit approval, resulting in, for example, 3 equal monthly payments of $333.33 at 0.00% APR to $353.52 at 35.99% APR per $1,000 borrowed. Minimum purchase amount and down payment may be required. Estimation of monthly payment excludes potential tax and shipping costs. Monthly financing through Klarna issued by WebBank.",2026-05-20T20:11:37.631472
Klarna,homepage,https://www.klarna.com/us/,a,At checkout Find the pink Klarna badge at your favorite brands when you shop online. Learn more,2026-05-20T20:11:37.631472
Klarna,homepage,https://www.klarna.com/us/,a,"In the Klarna app Stay on top of your spending, shop anywhere with Klarna and earn cashback.² Get the app",2026-05-20T20:11:37.631472
Klarna,homepage,https://www.klarna.com/us/,a,Apple Pay Pay over time on Apple Pay when shopping online or in-store.³ Learn more,2026-05-20T20:11:37.631472
Klarna,homepage,https://www.klarna.com/us/,a,Klarna Card Shop anywhere Visa is accepted and choose how you pay.⁴ Learn more,2026-05-20T20:11:37.631472
Klarna,homepage,https://www.klarna.com/us/,a,terms and conditions apply,2026-05-20T20:11:37.631472
Klarna,how_it_works,https://www.klarna.com/us/what-is-klarna/,h2,Everyday money simplified,2026-05-20T20:11:48.168407
Klarna,how_it_works,https://www.klarna.com/us/what-is-klarna/,h2,Pay with Klarna everywhere,2026-05-20T20:11:48.168407
Klarna,how_it_works,https://www.klarna.com/us/what-is-klarna/,h2,Trusted by over 1m+ brands,2026-05-20T20:11:48.168407
Klarna,how_it_works,https://www.klarna.com/us/what-is-klarna/,h2,Klarna is available worldwide,2026-05-20T20:11:48.168407
Klarna,how_it_works,https://www.klarna.com/us/what-is-klarna/,h2,Frequently asked questions,2026-05-20T20:11:48.168407
Klarna,how_it_works,https://www.klarna.com/us/what-is-klarna/,h2,Shop smart with Klarna today,2026-05-20T20:11:48.168407
Klarna,how_it_works,https://www.klarna.com/us/what-is-klarna/,h3,How does Klarna make money?,2026-05-20T20:11:48.168407
Klarna,how_it_works,https://www.klarna.com/us/what-is-klarna/,h3,What happens if I miss a payment?,2026-05-20T20:11:48.168407
Klarna,how_it_works,https://www.klarna.com/us/what-is-klarna/,h4,Available on the App Store,2026-05-20T20:11:48.168407
Klarna,how_it_works,https://www.klarna.com/us/what-is-klarna/,p,"Klarna is your everyday money app, helping you manage spending, payments, and rewards. All in one place. Built for real life, it gives you flexibility in how you pay, protection when you shop, and smarter ways to get more from everyday spending.",2026-05-20T20:11:48.168407
Klarna,how_it_works,https://www.klarna.com/us/what-is-klarna/,p,"Pay with Klarna everywhere, online and in-store. Pay in full for everyday spending and choose to pay later for bigger purchases¹.",2026-05-20T20:11:48.168407
Klarna,how_it_works,https://www.klarna.com/us/what-is-klarna/,p,"Shop now and pay later with Klarna's flexible payment options. Choose to pay in full, in 4 interest-free payments, in 30 days or over time².",2026-05-20T20:11:48.168407
Klarna,how_it_works,https://www.klarna.com/us/what-is-klarna/,p,"Earn cashback³ when you shop at hundreds of stores in the Klarna app. Redeem it for money added to your Klarna balance, or convert it to airline and hotel points with a membership plan⁴.",2026-05-20T20:11:48.168407
Klarna,how_it_works,https://www.klarna.com/us/what-is-klarna/,p,"Stay on top of your money with everything in one place. Track payments, see what’s coming up, manage cards and limits, and watch cashback grow in your balance.",2026-05-20T20:11:48.168407
Klarna,how_it_works,https://www.klarna.com/us/what-is-klarna/,p,"Get unlimited 5G data⁵ on AT&T's network, with a mobile plan from Klarna for $40/mo.",2026-05-20T20:11:48.168407
Klarna,how_it_works,https://www.klarna.com/us/what-is-klarna/,p,"From big brands to everyday favorites, Klarna lets you pay anywhere you want. Look out for Klarna at checkout, use the app, or simply tap your Klarna Card.",2026-05-20T20:11:48.168407
Klarna,how_it_works,https://www.klarna.com/us/what-is-klarna/,p,Klarna protects your money and personal information with every purchase⁷.,2026-05-20T20:11:48.168407
Klarna,how_it_works,https://www.klarna.com/us/what-is-klarna/,p,Advanced real-time fraud monitoring,2026-05-20T20:11:48.168407
Klarna,how_it_works,https://www.klarna.com/us/what-is-klarna/,p,"Strong privacy protections, by default",2026-05-20T20:11:48.168407
Klarna,how_it_works,https://www.klarna.com/us/what-is-klarna/,p,24/7 support when you need it,2026-05-20T20:11:48.168407
Klarna,how_it_works,https://www.klarna.com/us/what-is-klarna/,p,"Join 119m people who love to shop and pay with Klarna—rated 4.8 out of 5 on the App Store, with over 1.5M reviews.",2026-05-20T20:11:48.168407
Klarna,how_it_works,https://www.klarna.com/us/what-is-klarna/,p,"Over 119m customers across 26 countries choose Klarna's flexible payment options, with 3.4 million transactions happening every day.",2026-05-20T20:11:48.168407
Klarna,how_it_works,https://www.klarna.com/us/what-is-klarna/,p,"Most of Klarna’s revenue comes from fees that stores pay to offer Klarna at checkout. They choose Klarna because it helps more people complete their purchases smoothly and feel confident while shopping. Klarna earns a smaller amount from interest on our financing products and from late fees when payments are missed. These late fees are clear, limited, and often avoided completely. Klarna also provides reminders and flexible payment options to help people stay in control of their spending.",2026-05-20T20:11:48.168407
Klarna,how_it_works,https://www.klarna.com/us/what-is-klarna/,p,To be eligible to use Klarna:,2026-05-20T20:11:48.168407
Klarna,how_it_works,https://www.klarna.com/us/what-is-klarna/,p,Be a resident of the United States or its territories,2026-05-20T20:11:48.168407
Klarna,how_it_works,https://www.klarna.com/us/what-is-klarna/,p,Be at least eighteen years old or of legal age in your state of residence.,2026-05-20T20:11:48.168407
Klarna,how_it_works,https://www.klarna.com/us/what-is-klarna/,p,Have a valid card/bank account.,2026-05-20T20:11:48.168407
Klarna,how_it_works,https://www.klarna.com/us/what-is-klarna/,p,Have full legal capacity to enter into a contract.,2026-05-20T20:11:48.168407
Klarna,how_it_works,https://www.klarna.com/us/what-is-klarna/,p,Accurately provide your true and correct personal details.,2026-05-20T20:11:48.168407
Klarna,how_it_works,https://www.klarna.com/us/what-is-klarna/,p,Be able to receive security verification codes via text message.,2026-05-20T20:11:48.168407
Klarna,how_it_works,https://www.klarna.com/us/what-is-klarna/,p,"A valid Social Security Number (SSN) and a linked card or bank account may be required to use certain Klarna products, such as Pay in 4 and other credit-based payment options, as well as our banking products. Read our terms and conditions for more information.",2026-05-20T20:11:48.168407
Klarna,how_it_works,https://www.klarna.com/us/what-is-klarna/,p,"We’ll email you if your payment is unsuccessful. We’ll also try one more time to collect it. If we can’t collect it a second time, it will be added to your next payment along with a late fee of up to $7.00. The aggregate sum of your late fees will never exceed 25% of your order value at the time of purchase.",2026-05-20T20:11:48.168407
Klarna,how_it_works,https://www.klarna.com/us/what-is-klarna/,p,"Klarna is a flexible payment service that offers ways to buy now and pay later. Simply select Klarna at checkout when it’s available and we’ll quickly verify your details to complete the order. You can track and manage all payments in the Klarna app, with reminders to help you stay on schedule.",2026-05-20T20:11:48.168407
Klarna,how_it_works,https://www.klarna.com/us/what-is-klarna/,p,"¹ Apply in advance for Pay in 4, issued by WebBank, with a service fee between $0.75-$3. For example: a $160 purchase with a $40 down payment and $2 service fee results in a 21.97% APR, followed by three more biweekly payments of $40 (total repayment: $162). Subject to credit approval; minimum 25% down payment required.",2026-05-20T20:11:48.168407
Klarna,how_it_works,https://www.klarna.com/us/what-is-klarna/,p,² CA resident loans made or arranged pursuant to a California Financing Law license. NMLS # 1353190.,2026-05-20T20:11:48.168407
Klarna,how_it_works,https://www.klarna.com/us/what-is-klarna/,p,"³ Klarna Cashback Rewards are awarded as points which can be redeemed for a credit to your Klarna balance and other benefits. Earn cashback on Klarna App purchases. Klarna balance account required to receive cashback. Cashback issuance depends on store approval and may be affected by cookie settings, combining offers, product exclusions, or other factors beyond our control. Limitations, terms, and conditions apply.",2026-05-20T20:11:48.168407
Klarna,how_it_works,https://www.klarna.com/us/what-is-klarna/,p,"⁴ Klarna Membership offered in partnership with WebBank for a monthly fee. Cancel any time in the App. Exclusions, conditions, and limitations apply to membership benefits. Klarna Membership Terms apply.",2026-05-20T20:11:48.168407
Klarna,how_it_works,https://www.klarna.com/us/what-is-klarna/,p,"⁵ “Unlimited 5G” means Klarna mobile plan provides unlimited high-speed 5G data with peak speeds up to 4.2 Gbps and minimum speeds around 300 Mbps—about twice the U.S. average. Other “unlimited” plans often slow to unusable levels after data caps. Actual speeds vary by location, network, and device. A 5G-capable device and AT&T 5G coverage are required. Subject to our Acceptable Use Policy.",2026-05-20T20:11:48.168407
Klarna,how_it_works,https://www.klarna.com/us/what-is-klarna/,p,"⁶ Use your card anywhere Visa is accepted. Certain merchant, product, good and service restrictions apply. Some merchants do not accept virtual cards. Physical card only included with a paid Klarna Membership Plan.",2026-05-20T20:11:48.168407
Klarna,how_it_works,https://www.klarna.com/us/what-is-klarna/,p,⁷ Exclusions apply. Learn more at https://www.klarna.com/us/buyer-protection/.,2026-05-20T20:11:48.168407
Klarna,how_it_works,https://www.klarna.com/us/what-is-klarna/,span,"Klarna is your everyday money app, helping you manage spending, payments, and rewards. All in one place.",2026-05-20T20:11:48.168407
Klarna,how_it_works,https://www.klarna.com/us/what-is-klarna/,span,"Built for real life, it gives you flexibility in how you pay, protection when you shop, and smarter ways to get more from everyday spending.",2026-05-20T20:11:48.168407
Klarna,how_it_works,https://www.klarna.com/us/what-is-klarna/,span,"How does Klarna make money? Most of Klarna’s revenue comes from fees that stores pay to offer Klarna at checkout. They choose Klarna because it helps more people complete their purchases smoothly and feel confident while shopping. Klarna earns a smaller amount from interest on our financing products and from late fees when payments are missed. These late fees are clear, limited, and often avoided completely. Klarna also provides reminders and flexible payment options to help people stay in control of their spending.",2026-05-20T20:11:48.168407
Klarna,how_it_works,https://www.klarna.com/us/what-is-klarna/,span,Most of Klarna’s revenue comes from fees that stores pay to offer Klarna at checkout. They choose Klarna because it helps more people complete their purchases smoothly and feel confident while shopping.,2026-05-20T20:11:48.168407
Klarna,how_it_works,https://www.klarna.com/us/what-is-klarna/,span,"Klarna earns a smaller amount from interest on our financing products and from late fees when payments are missed. These late fees are clear, limited, and often avoided completely. Klarna also provides reminders and flexible payment options to help people stay in control of their spending.",2026-05-20T20:11:48.168407
Klarna,how_it_works,https://www.klarna.com/us/what-is-klarna/,span,"Who can use Klarna? To be eligible to use Klarna: Be a resident of the United States or its territories Be at least eighteen years old or of legal age in your state of residence. Have a valid card/bank account. Have full legal capacity to enter into a contract. Accurately provide your true and correct personal details. Be able to receive security verification codes via text message. Good to know: A valid Social Security Number (SSN) and a linked card or bank account may be required to use certain Klarna products, such as Pay in 4 and other credit-based payment options, as well as our banking products. Read our terms and conditions for more information.",2026-05-20T20:11:48.168407
Klarna,how_it_works,https://www.klarna.com/us/what-is-klarna/,span,"To be eligible to use Klarna: Be a resident of the United States or its territories Be at least eighteen years old or of legal age in your state of residence. Have a valid card/bank account. Have full legal capacity to enter into a contract. Accurately provide your true and correct personal details. Be able to receive security verification codes via text message. Good to know: A valid Social Security Number (SSN) and a linked card or bank account may be required to use certain Klarna products, such as Pay in 4 and other credit-based payment options, as well as our banking products. Read our terms and conditions for more information.",2026-05-20T20:11:48.168407
Klarna,how_it_works,https://www.klarna.com/us/what-is-klarna/,span,"A valid Social Security Number (SSN) and a linked card or bank account may be required to use certain Klarna products, such as Pay in 4 and other credit-based payment options, as well as our banking products. Read our",2026-05-20T20:11:48.168407
Klarna,how_it_works,https://www.klarna.com/us/what-is-klarna/,span,"What happens if I miss a payment? We’ll email you if your payment is unsuccessful. We’ll also try one more time to collect it. If we can’t collect it a second time, it will be added to your next payment along with a late fee of up to $7.00. The aggregate sum of your late fees will never exceed 25% of your order value at the time of purchase.",2026-05-20T20:11:48.168407
Klarna,how_it_works,https://www.klarna.com/us/what-is-klarna/,span,"How does Klarna work? Klarna is a flexible payment service that offers ways to buy now and pay later. Simply select Klarna at checkout when it’s available and we’ll quickly verify your details to complete the order. You can track and manage all payments in the Klarna app, with reminders to help you stay on schedule.",2026-05-20T20:11:48.168407
Klarna,how_it_works,https://www.klarna.com/us/what-is-klarna/,span,"³ Klarna Cashback Rewards are awarded as points which can be redeemed for a credit to your Klarna balance and other benefits. Earn cashback on Klarna App purchases. Klarna balance account required to receive cashback. Cashback issuance depends on store approval and may be affected by cookie settings, combining offers, product exclusions, or other factors beyond our control. Limitations,",2026-05-20T20:11:48.168407
Klarna,how_it_works,https://www.klarna.com/us/what-is-klarna/,span,"⁴ Klarna Membership offered in partnership with WebBank for a monthly fee. Cancel any time in the App. Exclusions, conditions, and limitations apply to membership benefits.",2026-05-20T20:11:48.168407
Klarna,how_it_works,https://www.klarna.com/us/what-is-klarna/,span,⁷ Exclusions apply. Learn more at,2026-05-20T20:11:48.168407
Klarna,how_it_works,https://www.klarna.com/us/what-is-klarna/,span,https://www.klarna.com/us/buyer-protection/.,2026-05-20T20:11:48.168407
Klarna,faq,https://www.klarna.com/us/customer-service/,h2,Customer service in the app,2026-05-20T20:11:56.890447
Klarna,faq,https://www.klarna.com/us/customer-service/,h2,"Get support anytime, anywhere",2026-05-20T20:11:56.890447
Klarna,faq,https://www.klarna.com/us/customer-service/,p,"We are currently experiencing higher contact volumes than normal, which means our response time is slightly longer than usual. In the meantime, answers to our most commonly asked questions can be found in our FAQ. Thank you for your patience.",2026-05-20T20:11:56.890447
Klarna,faq,https://www.klarna.com/us/customer-service/,p,"Warning! You may receive scam emails, SMSs, phone calls and job offers pretending to be from Klarna. Remember, Klarna will never contact you to request for your personal information, login details, passwords, bank or card details or account verification through unfamiliar links. Phishing attempts can be reported here: https://www.klarna.com/us/phishing-and-scams/",2026-05-20T20:11:56.890447
Klarna,faq,https://www.klarna.com/us/customer-service/,p,• The fastest way to get support • 24/7 support from our AI assistant in any language,2026-05-20T20:11:56.890447
Klarna,faq,https://www.klarna.com/us/customer-service/,p,• Call us at (888) 518-2771 • Opening hours: 24/7,2026-05-20T20:11:56.890447
Klarna,faq,https://www.klarna.com/us/customer-service/,p,"Track your delivery, handle returns and manage your payments in the Klarna app. Plus, access 24/7 help with our chat.",2026-05-20T20:11:56.890447
Klarna,faq,https://www.klarna.com/us/customer-service/,p,Learn how we handle your data and keep your personal information safe.,2026-05-20T20:11:56.890447
Klarna,faq,https://www.klarna.com/us/customer-service/,p,Learn how we help you shop securely by protecting your money and data.,2026-05-20T20:11:56.890447
Klarna,faq,https://www.klarna.com/us/customer-service/,p,Shop with confidence knowing Klarna has your back in case of issues.,2026-05-20T20:11:56.890447
Klarna,faq,https://www.klarna.com/us/customer-service/,p,Sign in for instant assistance from our AI assistant or call a dedicated agent: Call us at: (888) 518-2771 Opening hours: 24/7,2026-05-20T20:11:56.890447
Klarna,faq,https://www.klarna.com/us/customer-service/,span,"Warning! You may receive scam emails, SMSs, phone calls and job offers pretending to be from Klarna. Remember, Klarna will never contact you to request for your personal information, login details, passwords, bank or card details or account verification through unfamiliar links. Phishing attempts can be reported here:",2026-05-20T20:11:56.890447
Klarna,faq,https://www.klarna.com/us/customer-service/,span,https://www.klarna.com/us/phishing-and-scams/,2026-05-20T20:11:56.890447
Klarna,faq,https://www.klarna.com/us/customer-service/,span,• The fastest way to get support,2026-05-20T20:11:56.890447
Klarna,faq,https://www.klarna.com/us/customer-service/,span,• 24/7 support from our AI assistant in any language,2026-05-20T20:11:56.890447
Klarna,faq,https://www.klarna.com/us/customer-service/,span,Sign in for instant assistance from our AI assistant or call a dedicated agent:,2026-05-20T20:11:56.890447
Affirm,homepage,https://www.affirm.com/,p,Would you like to see what Affirm offers in your region?,2026-05-20T20:12:00.384890
Affirm,homepage,https://www.affirm.com/,p,"Payment options through Affirm are provided by these lending partners: affirm.com/lenders. Your rate will be 0â36% APR based on credit, and is subject to an eligibility check. Affirm Pay in 4 payment option is 0% APR.",2026-05-20T20:12:00.384890
Affirm,homepage,https://www.affirm.com/,p,"Options depend on your purchase amount and may vary by merchant. A down payment may be required. For example, at a purchase price of $400 you could pay a down payment of $80, followed by 12 monthly payments of $28.88 at 15% APR or 4 interest-free payments of $100 every 2 weeks. Affirm availability and eligibility may vary. Restrictions apply. See affirm.com/terms#use .",2026-05-20T20:12:00.384890
Affirm,homepage,https://www.affirm.com/,p,"The Affirm Moneyâ¢ Account is held with Cross River Bank (CRB), Member FDIC. Affirm is not a bank. FDIC insurance covers accounts held with CRB in the event CRB fails. California residents: Affirm Loan Services, LLC is licensed by the Department of Financial Protection and Innovation. Loans are made or arranged pursuant to California Financing Law license 60DBO-111681.",2026-05-20T20:12:00.384890
Affirm,homepage,https://www.affirm.com/,p,"The Affirm Card is a VisaÂ® debit card issued by Evolve Bank & Trust (Evolve) or Stride Bank, N.A. (Stride), Members FDIC, pursuant to licenses from Visa U.S.A. Inc. Affirm is not a bank. FDIC insurance will only cover the failure of Evolve and/or Stride. Learn more . The Affirm Card is not available to residents of U.S. territories.",2026-05-20T20:12:00.384890
Affirm,homepage,https://www.affirm.com/,p,"The one-time-use Affirm virtual card is issued by CRB, Sutton Bank, or Celtic Bank, Members FDIC, pursuant to a license from Visa U.S.A. Inc. Affirm, Inc., NMLS ID 1883087. Affirm Loan Services, LLC, NMLS ID 1479506. For licenses and disclosures, see affirm.com/licenses.",2026-05-20T20:12:00.384890
Affirm,how_it_works,https://www.affirm.com/how-it-works,p,Would you like to see what Affirm offers in your region?,2026-05-20T20:12:03.692520
Affirm,how_it_works,https://www.affirm.com/how-it-works,p,"Payment options through Affirm are provided by these lending partners: affirm.com/lenders. Your rate will be 0â36% APR based on credit, and is subject to an eligibility check. Affirm Pay in 4 payment option is 0% APR.",2026-05-20T20:12:03.692520
Affirm,how_it_works,https://www.affirm.com/how-it-works,p,"Options depend on your purchase amount and may vary by merchant. A down payment may be required. For example, at a purchase price of $400 you could pay a down payment of $80, followed by 12 monthly payments of $28.88 at 15% APR or 4 interest-free payments of $100 every 2 weeks. Affirm availability and eligibility may vary. Restrictions apply. See affirm.com/terms#use .",2026-05-20T20:12:03.692520
Affirm,how_it_works,https://www.affirm.com/how-it-works,p,"The Affirm Moneyâ¢ Account is held with Cross River Bank (CRB), Member FDIC. Affirm is not a bank. FDIC insurance covers accounts held with CRB in the event CRB fails. California residents: Affirm Loan Services, LLC is licensed by the Department of Financial Protection and Innovation. Loans are made or arranged pursuant to California Financing Law license 60DBO-111681.",2026-05-20T20:12:03.692520
Affirm,how_it_works,https://www.affirm.com/how-it-works,p,"The Affirm Card is a VisaÂ® debit card issued by Evolve Bank & Trust (Evolve) or Stride Bank, N.A. (Stride), Members FDIC, pursuant to licenses from Visa U.S.A. Inc. Affirm is not a bank. FDIC insurance will only cover the failure of Evolve and/or Stride. Learn more . The Affirm Card is not available to residents of U.S. territories.",2026-05-20T20:12:03.692520
Affirm,how_it_works,https://www.affirm.com/how-it-works,p,"The one-time-use Affirm virtual card is issued by CRB, Sutton Bank, or Celtic Bank, Members FDIC, pursuant to a license from Visa U.S.A. Inc. Affirm, Inc., NMLS ID 1883087. Affirm Loan Services, LLC, NMLS ID 1479506. For licenses and disclosures, see affirm.com/licenses.",2026-05-20T20:12:03.692520
Afterpay,homepage,https://www.afterpay.com/en-US,p,Pay over time with Afterpay,2026-05-20T20:12:09.999687
Afterpay,homepage,https://www.afterpay.com/en-US,p,Afterpay is better in the app. Shop the brands you love with flexible ways to pay.,2026-05-20T20:12:09.999687
Afterpay,homepage,https://www.afterpay.com/en-US,p,The hottest deals. The best brands. Curated round-ups. There’s a reason the Afterpay app has over 700k 5-star reviews.,2026-05-20T20:12:09.999687
Afterpay,homepage,https://www.afterpay.com/en-US,p,Manage your budget with Afterpay.,2026-05-20T20:12:09.999687
Afterpay,homepage,https://www.afterpay.com/en-US,p,Get everything you need now.,2026-05-20T20:12:09.999687
Afterpay,homepage,https://www.afterpay.com/en-US,p,"Shop thousands of brands and millions of products, online and in-store.",2026-05-20T20:12:09.999687
Afterpay,homepage,https://www.afterpay.com/en-US,p,"Choose to pay over 3, 6, 12 or 24* months or in 4 interest-free payments at partner brands.",2026-05-20T20:12:09.999687
Afterpay,homepage,https://www.afterpay.com/en-US,p,No late fees when you pay on time.,2026-05-20T20:12:09.999687
Afterpay,homepage,https://www.afterpay.com/en-US,p,We’ll send you reminders and cap late,2026-05-20T20:12:09.999687
Afterpay,homepage,https://www.afterpay.com/en-US,p,payments to help you get back on track.,2026-05-20T20:12:09.999687
Afterpay,homepage,https://www.afterpay.com/en-US,p,"Our editors are rounding up everything that’s hot right now, all in one place.",2026-05-20T20:12:09.999687
Afterpay,homepage,https://www.afterpay.com/en-US,p,Discover thousands of brands where Afterpay is available in-store.,2026-05-20T20:12:09.999687
Afterpay,homepage,https://www.afterpay.com/en-US,p,"Afterpay US Services, LLC, NMLS ID 1870854 NMLS Consumer Access.",2026-05-20T20:12:09.999687
Afterpay,homepage,https://www.afterpay.com/en-US,p,"You must be 18 or older, a resident of the U.S. and meet additional eligibility criteria to qualify. Late fees may apply. A finance fee may apply to certain transactions. Payment amounts shown are estimates and depend on eligibility and exclude taxes and shipping charges, which are added at checkout. For complete terms see Afterpay terms . Pay in 4 loans without a finance fee to California residents are made or arranged pursuant to a California Finance Lenders Law license.",2026-05-20T20:12:09.999687
Afterpay,homepage,https://www.afterpay.com/en-US,p,"*Loans with a finance fee are underwritten and issued by First Electronic Bank. For example, if your loan has a finance fee, your annual percentage rate could be 36%. At a loan amount of $110 you could pay a down payment of $27.50 followed by 3 generally biweekly payments of $28.26 at a 36% APR. For complete terms see AFF loan agreement terms .",2026-05-20T20:12:09.999687
Afterpay,homepage,https://www.afterpay.com/en-US,li,Installment Payment Authorization,2026-05-20T20:12:09.999687
Afterpay,homepage,https://www.afterpay.com/en-US,li,Afterpay Card Account Agreement,2026-05-20T20:12:09.999687
Afterpay,homepage,https://www.afterpay.com/en-US,li,Pay Monthly Loan Agreement,2026-05-20T20:12:09.999687
Afterpay,homepage,https://www.afterpay.com/en-US,span,Here’s why you should Afterpay it.,2026-05-20T20:12:09.999687
Afterpay,homepage,https://www.afterpay.com/en-US,span,We’ll send you reminders and cap late payments to help you get back on track.,2026-05-20T20:12:09.999687
Afterpay,how_it_works,https://www.afterpay.com/en-US/how-it-works,p,Financial wellness is a tap away.,2026-05-20T20:12:11.942865
Afterpay,how_it_works,https://www.afterpay.com/en-US/how-it-works,p,Here’s why you should Afterpay it.,2026-05-20T20:12:11.942865
Afterpay,how_it_works,https://www.afterpay.com/en-US/how-it-works,p,Get everything you need now.,2026-05-20T20:12:11.942865
Afterpay,how_it_works,https://www.afterpay.com/en-US/how-it-works,p,"Shop thousands of brands and millions of products, online and in-store.",2026-05-20T20:12:11.942865
Afterpay,how_it_works,https://www.afterpay.com/en-US/how-it-works,p,Make the first payment upfront and the rest over time. Always interest-free at partner brands when you pay it in 4.,2026-05-20T20:12:11.942865
Afterpay,how_it_works,https://www.afterpay.com/en-US/how-it-works,p,No late fees when you pay on time (Only for Pay in 4).,2026-05-20T20:12:11.942865
Afterpay,how_it_works,https://www.afterpay.com/en-US/how-it-works,p,We’ll send you reminders and cap late payments to help you get back on track.,2026-05-20T20:12:11.942865
Afterpay,how_it_works,https://www.afterpay.com/en-US/how-it-works,p,Manage your spending while getting what you need—the app makes it easy.,2026-05-20T20:12:11.942865
Afterpay,how_it_works,https://www.afterpay.com/en-US/how-it-works,p,We've made it easy to pay in 4 in-store. Set up the digital Afterpay Card* in the In-store tab in the app and follow the prompts to add it to your Apple Wallet or Google Wallet. Tap to pay and take everything home today.,2026-05-20T20:12:11.942865
Afterpay,how_it_works,https://www.afterpay.com/en-US/how-it-works,p,Get started with the app.,2026-05-20T20:12:11.942865
Afterpay,how_it_works,https://www.afterpay.com/en-US/how-it-works,p,"Shop thousands of brands, online and in-store. Pay in 4 interest-free installments generally over six weeks at Afterpay brands.",2026-05-20T20:12:11.942865
Afterpay,how_it_works,https://www.afterpay.com/en-US/how-it-works,p,"Afterpay US Services, LLC, NMLS ID 1870854 NMLS Consumer Access.",2026-05-20T20:12:11.942865
Afterpay,how_it_works,https://www.afterpay.com/en-US/how-it-works,p,"You must be 18 or older, a resident of the U.S. and meet additional eligibility criteria to qualify. Late fees may apply. A finance fee may apply to certain transactions. Payment amounts shown are estimates and depend on eligibility and exclude taxes and shipping charges, which are added at checkout. For complete terms see Afterpay terms . Pay in 4 loans without a finance fee to California residents are made or arranged pursuant to a California Finance Lenders Law license.",2026-05-20T20:12:11.942865
Afterpay,how_it_works,https://www.afterpay.com/en-US/how-it-works,p,"*Loans with a finance fee are underwritten and issued by First Electronic Bank. For example, if your loan has a finance fee, your annual percentage rate could be 36%. At a loan amount of $110 you could pay a down payment of $27.50 followed by 3 generally biweekly payments of $28.26 at a 36% APR. For complete terms see AFF loan agreement terms .",2026-05-20T20:12:11.942865
Afterpay,how_it_works,https://www.afterpay.com/en-US/how-it-works,li,Installment Payment Authorization,2026-05-20T20:12:11.942865
Afterpay,how_it_works,https://www.afterpay.com/en-US/how-it-works,li,Afterpay Card Account Agreement,2026-05-20T20:12:11.942865
Afterpay,how_it_works,https://www.afterpay.com/en-US/how-it-works,li,Pay Monthly Loan Agreement,2026-05-20T20:12:11.942865
Afterpay,how_it_works,https://www.afterpay.com/en-US/how-it-works,span,"Pay in 4 interest-free installments at partner brands. Budget your spending. Earn rewards when you shop. Discover thousands of brands and millions of products, online and in-store. Do it all in the app, easily and securely.",2026-05-20T20:12:11.942865
Afterpay,how_it_works,https://www.afterpay.com/en-US/how-it-works,span,Pay in 4 interest-free installments at partner brands.,2026-05-20T20:12:11.942865
Afterpay,how_it_works,https://www.afterpay.com/en-US/how-it-works,span,"Budget your spending. Earn rewards when you shop. Discover thousands of brands and millions of products, online and in-store. Do it all in the app, easily and securely.",2026-05-20T20:12:11.942865
Afterpay,how_it_works,https://www.afterpay.com/en-US/how-it-works,span,Make the first payment upfront and the rest over time. Always interest-free at partner brands,2026-05-20T20:12:11.942865
Afterpay,how_it_works,https://www.afterpay.com/en-US/how-it-works,span,"Track your payments and reschedule payment dates, so you can keep your budget in check.",2026-05-20T20:12:11.942865
Afterpay,how_it_works,https://www.afterpay.com/en-US/how-it-works,span,Explore trending products and personalized recommendations. Get exclusive deals and create shopping lists for later.,2026-05-20T20:12:11.942865
Afterpay,how_it_works,https://www.afterpay.com/en-US/how-it-works,span,Check out our FAQs or get in touch with us to learn more.,2026-05-20T20:12:11.942865
Afterpay,how_it_works,https://www.afterpay.com/en-US/how-it-works,span,Join Pulse Rewards for free to earn points for eligible on-time payments that unlock amazing benefits.,2026-05-20T20:12:11.942865
Afterpay,faq,https://help.afterpay.com/hc/en-us,h1,Find the answers you need here,2026-05-20T20:12:14.685055
Afterpay,faq,https://help.afterpay.com/hc/en-us,h1,What can we help with today?,2026-05-20T20:12:14.685055
Afterpay,faq,https://help.afterpay.com/hc/en-us,h2,Articles you may be interested in,2026-05-20T20:12:14.685055
Afterpay,faq,https://help.afterpay.com/hc/en-us,p,Welcome to our Help Centre,2026-05-20T20:12:14.685055
Afterpay,faq,https://help.afterpay.com/hc/en-us,p,Our team will be happy to help!,2026-05-20T20:12:14.685055
Afterpay,faq,https://help.afterpay.com/hc/en-us,li,Getting Started With Afterpay,2026-05-20T20:12:14.685055
Afterpay,faq,https://help.afterpay.com/hc/en-us,li,Can I change the due date of a payment?,2026-05-20T20:12:14.685055
Afterpay,faq,https://help.afterpay.com/hc/en-us,li,Can I make a partial payment?,2026-05-20T20:12:14.685055
Afterpay,faq,https://help.afterpay.com/hc/en-us,li,Have you downloaded our Mobile App?,2026-05-20T20:12:14.685055
Afterpay,faq,https://help.afterpay.com/hc/en-us,li,Why is my order being declined?,2026-05-20T20:12:14.685055
Afterpay,faq,https://help.afterpay.com/hc/en-us,li,Why has the Afterpay name changed to Cash App Afterpay? Does anything change for me?,2026-05-20T20:12:14.685055
Zip,homepage,https://zip.co/us,h2,"Buy now, pay later anywhere",2026-05-20T20:12:18.278224
Zip,homepage,https://zip.co/us,h2,Online or in-store Footnote number 1 1,2026-05-20T20:12:18.278224
Zip,homepage,https://zip.co/us,h2,How customers are paying with Zip,2026-05-20T20:12:18.278224
Zip,homepage,https://zip.co/us,h3,Split big payments into not-so-big ones.,2026-05-20T20:12:18.278224
Zip,homepage,https://zip.co/us,h3,Join millions of customers already paying with Zip,2026-05-20T20:12:18.278224
Zip,homepage,https://zip.co/us,h3,Boost your business with Zip,2026-05-20T20:12:18.278224
Zip,homepage,https://zip.co/us,p,Install the Zip® app and pay for what you need in 4 installments. Footnote number 2 2,2026-05-20T20:12:18.278224
Zip,homepage,https://zip.co/us,p,Use the browser in the Zip® app to create a virtual card when you're ready to pay. Footnote number 1 1,2026-05-20T20:12:18.278224
Zip,homepage,https://zip.co/us,p,"Authorize your purchase amount in the Zip® app, and then pay with your digital wallet or the physical Zip Card. Footnote number 1 1",2026-05-20T20:12:18.278224
Zip,homepage,https://zip.co/us,p,Greater flexibility in spending means more control over your payment dates. Give yourself some more breathing room with the Zip® app.,2026-05-20T20:12:18.278224
Zip,homepage,https://zip.co/us,p,"Grow your customers, boost your sales, and drive customer preference when you offer the convenience of paying over time.",2026-05-20T20:12:18.278224
Zip,homepage,https://zip.co/us,span,Four point nine stars on App Store,2026-05-20T20:12:18.278224
Zip,homepage,https://zip.co/us,span,Four point eight stars on Google Play,2026-05-20T20:12:18.278224
Zip,homepage,https://zip.co/us,span,Four point seven stars on Trustpilot,2026-05-20T20:12:18.278224
Zip,homepage,https://zip.co/us,span,Pay online with the Zip app,2026-05-20T20:12:18.278224
Zip,homepage,https://zip.co/us,span,Pay in-store with the Zip app,2026-05-20T20:12:18.278224
Zip,homepage,https://zip.co/us,span,FEATURES Zip puts you in control,2026-05-20T20:12:18.278224
Zip,homepage,https://zip.co/us,span,Change your payment dates,2026-05-20T20:12:18.278224
Zip,how_it_works,https://zip.co/us/how-it-works,h1,How Pay in 4 Works with Zip,2026-05-20T20:12:21.329335
Zip,how_it_works,https://zip.co/us/how-it-works,h3,Exclusively in the Zip app,2026-05-20T20:12:21.329335
Zip,how_it_works,https://zip.co/us/how-it-works,h3,Change your payment dates,2026-05-20T20:12:21.329335
Zip,how_it_works,https://zip.co/us/how-it-works,p,"With Zip, you can buy now, pay later at all your favorite brands, whether you shop online or in-store. 1",2026-05-20T20:12:21.329335
Zip,how_it_works,https://zip.co/us/how-it-works,p,Search for your favorite brands or browse our picks,2026-05-20T20:12:21.329335
Zip,how_it_works,https://zip.co/us/how-it-works,p,Greater flexibility in spending means more control over your payment dates. Give yourself some more breathing room with the Zip® app. 1,2026-05-20T20:12:21.329335
Zip,how_it_works,https://zip.co/us/how-it-works,p,You can pay in-store only with the Zip® app. Create a virtual card in the app and then pay using your digital wallet or physical card. 1,2026-05-20T20:12:21.329335
Zip,how_it_works,https://zip.co/us/how-it-works,p,"You asked, we listened. Now when you make consistent, on-time repayments, you may be eligible to earn spending power increases. 1",2026-05-20T20:12:21.329335
Zip,how_it_works,https://zip.co/us/how-it-works,p,Earning 6% back on this order!,2026-05-20T20:12:21.329335
Zip,how_it_works,https://zip.co/us/how-it-works,p,Your $10.00 reward will be applied to your final payment 1,2026-05-20T20:12:21.329335
Zip,how_it_works,https://zip.co/us/how-it-works,p,"Pay with the Zip® app to earn cashback while shopping for groceries, booking travel, and shopping at your favorite merchants. 1",2026-05-20T20:12:21.329335
Zip,how_it_works,https://zip.co/us/how-it-works,span,Check your spending power,2026-05-20T20:12:21.329335
Zip,faq,https://help.zip.co/hc/en-us,h2,You're on the Zip Australia site.,2026-05-20T20:12:24.723457
Zip,faq,https://help.zip.co/hc/en-us,h2,Can't see what you're looking for?,2026-05-20T20:12:24.723457
Zip,faq,https://help.zip.co/hc/en-us,h4,General information - Applications,2026-05-20T20:12:24.723457
Zip,faq,https://help.zip.co/hc/en-us,h4,My Notifications & Statements,2026-05-20T20:12:24.723457
Zip,faq,https://help.zip.co/hc/en-us,h4,How do Zip Pay repayments work?,2026-05-20T20:12:24.723457
Zip,faq,https://help.zip.co/hc/en-us,h4,How do Zip Money repayments work?,2026-05-20T20:12:24.723457
Zip,faq,https://help.zip.co/hc/en-us,p,Products and features may vary by region.,2026-05-20T20:12:24.723457
Zip,faq,https://help.zip.co/hc/en-us,p,Use your Zip account everywhere.,2026-05-20T20:12:24.723457
Zip,faq,https://help.zip.co/hc/en-us,p,General FAQ questions about Zip.,2026-05-20T20:12:24.723457
Zip,faq,https://help.zip.co/hc/en-us,p,"If you still have any questions we're here to help, just start a chat.",2026-05-20T20:12:24.723457
Zip,faq,https://help.zip.co/hc/en-us,li,How do I update my personal details?,2026-05-20T20:12:24.723457
Zip,faq,https://help.zip.co/hc/en-us,li,How do I set or change my Zip Pay repayment schedule?,2026-05-20T20:12:24.723457
Zip,faq,https://help.zip.co/hc/en-us,li,Zip Account Features Use your Zip account everywhere. Zip Account Features Zip Account Features Use your Zip account everywhere. Zip Visa Card What is a Zip Visa Card? Where can I use my Zip Visa Card? How do I activate my Zip Visa Card? Can I use my Zip Visa Card for subscriptions & recurring payments? How do I add my Zip Visa Card to Apple/Google Wallet or PayPal? How do I set the pin for my Zip Visa Card? Zip Rewards Single Use Card Zip Bills How do I pay bills with Zip? Where can I find my biller's BPAY details to pay bills with Zip? Why aren't my BPAY details working for a Zip Bill? Gift Cards How do I access my Gift Card? How do I buy a Gift Card using my Zip Account? Can I use my Gift Card online and instore? What if it isn't working? How long is my Gift Card valid for? What if I haven't received my Gift Card in my email? Are Gift Cards refundable? Using Zip on eBay How do I use Zip to make purchases on eBay? How can I use Zip to purchase on eBay if I’m not a Zip customer? Why has my Zip eBay purchase been declined? eBay Refunds or Disputes When is Zip not an available payment option on eBay? Why am I unable to use Zip for my eBay purchase?,2026-05-20T20:12:24.723457
Zip,faq,https://help.zip.co/hc/en-us,li,Where can I use my Zip Visa Card?,2026-05-20T20:12:24.723457
Zip,faq,https://help.zip.co/hc/en-us,li,How do I activate my Zip Visa Card?,2026-05-20T20:12:24.723457
Zip,faq,https://help.zip.co/hc/en-us,li,Can I use my Zip Visa Card for subscriptions & recurring payments?,2026-05-20T20:12:24.723457
Zip,faq,https://help.zip.co/hc/en-us,li,How do I add my Zip Visa Card to Apple/Google Wallet or PayPal?,2026-05-20T20:12:24.723457
Zip,faq,https://help.zip.co/hc/en-us,li,How do I set the pin for my Zip Visa Card?,2026-05-20T20:12:24.723457
Zip,faq,https://help.zip.co/hc/en-us,li,How do I pay bills with Zip?,2026-05-20T20:12:24.723457
Zip,faq,https://help.zip.co/hc/en-us,li,Where can I find my biller's BPAY details to pay bills with Zip?,2026-05-20T20:12:24.723457
Zip,faq,https://help.zip.co/hc/en-us,li,Why aren't my BPAY details working for a Zip Bill?,2026-05-20T20:12:24.723457
Zip,faq,https://help.zip.co/hc/en-us,li,How do I access my Gift Card?,2026-05-20T20:12:24.723457
Zip,faq,https://help.zip.co/hc/en-us,li,How do I buy a Gift Card using my Zip Account?,2026-05-20T20:12:24.723457
Zip,faq,https://help.zip.co/hc/en-us,li,Can I use my Gift Card online and instore? What if it isn't working?,2026-05-20T20:12:24.723457
Zip,faq,https://help.zip.co/hc/en-us,li,How long is my Gift Card valid for?,2026-05-20T20:12:24.723457
Zip,faq,https://help.zip.co/hc/en-us,li,What if I haven't received my Gift Card in my email?,2026-05-20T20:12:24.723457
Zip,faq,https://help.zip.co/hc/en-us,li,Are Gift Cards refundable?,2026-05-20T20:12:24.723457
Zip,faq,https://help.zip.co/hc/en-us,li,How do I use Zip to make purchases on eBay?,2026-05-20T20:12:24.723457
Zip,faq,https://help.zip.co/hc/en-us,li,How can I use Zip to purchase on eBay if I’m not a Zip customer?,2026-05-20T20:12:24.723457
Zip,faq,https://help.zip.co/hc/en-us,li,Why has my Zip eBay purchase been declined?,2026-05-20T20:12:24.723457
Zip,faq,https://help.zip.co/hc/en-us,li,When is Zip not an available payment option on eBay?,2026-05-20T20:12:24.723457
Zip,faq,https://help.zip.co/hc/en-us,li,Why am I unable to use Zip for my eBay purchase?,2026-05-20T20:12:24.723457
Zip,faq,https://help.zip.co/hc/en-us,li,"My Application My Application My Application General information - Applications How do I apply for a Zip account? What credit information is required to apply for a Zip account? Why do you need to access my Online Banking Information? Is it Secure? Why is my bank not available/linking? What if my Zip account was approved for less than I applied for? Why was my application unsuccessful/cancelled? Zip Pay Applications Why do I need to link my PayPal, or bank account? Applying for a Zip Pay account - ID Verification",2026-05-20T20:12:24.723457
Zip,faq,https://help.zip.co/hc/en-us,li,How do I apply for a Zip account?,2026-05-20T20:12:24.723457
Zip,faq,https://help.zip.co/hc/en-us,li,What credit information is required to apply for a Zip account?,2026-05-20T20:12:24.723457
Zip,faq,https://help.zip.co/hc/en-us,li,Why do you need to access my Online Banking Information? Is it Secure?,2026-05-20T20:12:24.723457
Zip,faq,https://help.zip.co/hc/en-us,li,Why is my bank not available/linking?,2026-05-20T20:12:24.723457
Zip,faq,https://help.zip.co/hc/en-us,li,What if my Zip account was approved for less than I applied for?,2026-05-20T20:12:24.723457
Zip,faq,https://help.zip.co/hc/en-us,li,Why was my application unsuccessful/cancelled?,2026-05-20T20:12:24.723457
Zip,faq,https://help.zip.co/hc/en-us,li,"Why do I need to link my PayPal, or bank account?",2026-05-20T20:12:24.723457
Zip,faq,https://help.zip.co/hc/en-us,li,Applying for a Zip Pay account - ID Verification,2026-05-20T20:12:24.723457
Zip,faq,https://help.zip.co/hc/en-us,li,Managing my Account Managing my Account Managing my Account Accessing My Account How do I access my Zip Account via a new device or internet browser? How do I access my Zip Account via a new device/browser if my mobile number has changed? How do I reset my Zip Account password? How do I log in and log out of my Zip account? Why is my Zip Account on hold? Why am I having trouble logging in? Update Details How do I update my personal details? How do I update my mobile number without the verification code? My Notifications & Statements How do I access my contract? Where can I locate my Zip account statement/s? How do I manage my notifications? Understanding your monthly Zip Statement What is my payout figure for my Zip account? Account Security Why do I need to confirm my personal details? Security Centre - Learn more about protecting yourself online How to Report Credit Limits How do I decrease my account credit limit? How do I increase my Zip Money credit limit? How do I increase my Zip Pay credit limit? Vulnerability & Hardship Natural Disaster - Financial Hardship Application What is Family Violence? Zip’s approach to Family Violence Support Services Closing My Account How do I close my account? How do I deactivate my account?,2026-05-20T20:12:24.723457
Zip,faq,https://help.zip.co/hc/en-us,li,How do I access my Zip Account via a new device or internet browser?,2026-05-20T20:12:24.723457
Zip,faq,https://help.zip.co/hc/en-us,li,How do I access my Zip Account via a new device/browser if my mobile number has changed?,2026-05-20T20:12:24.723457
Zip,faq,https://help.zip.co/hc/en-us,li,How do I reset my Zip Account password?,2026-05-20T20:12:24.723457
Zip,faq,https://help.zip.co/hc/en-us,li,How do I log in and log out of my Zip account?,2026-05-20T20:12:24.723457
Zip,faq,https://help.zip.co/hc/en-us,li,Why is my Zip Account on hold?,2026-05-20T20:12:24.723457
Zip,faq,https://help.zip.co/hc/en-us,li,Why am I having trouble logging in?,2026-05-20T20:12:24.723457
Zip,faq,https://help.zip.co/hc/en-us,li,How do I update my mobile number without the verification code?,2026-05-20T20:12:24.723457
Zip,faq,https://help.zip.co/hc/en-us,li,How do I access my contract?,2026-05-20T20:12:24.723457
Zip,faq,https://help.zip.co/hc/en-us,li,Where can I locate my Zip account statement/s?,2026-05-20T20:12:24.723457
Zip,faq,https://help.zip.co/hc/en-us,li,How do I manage my notifications?,2026-05-20T20:12:24.723457
Zip,faq,https://help.zip.co/hc/en-us,li,Understanding your monthly Zip Statement,2026-05-20T20:12:24.723457
Zip,faq,https://help.zip.co/hc/en-us,li,What is my payout figure for my Zip account?,2026-05-20T20:12:24.723457
Zip,faq,https://help.zip.co/hc/en-us,li,Why do I need to confirm my personal details?,2026-05-20T20:12:24.723457
Zip,faq,https://help.zip.co/hc/en-us,li,Security Centre - Learn more about protecting yourself online,2026-05-20T20:12:24.723457
Zip,faq,https://help.zip.co/hc/en-us,li,How do I decrease my account credit limit?,2026-05-20T20:12:24.723457
Zip,faq,https://help.zip.co/hc/en-us,li,How do I increase my Zip Money credit limit?,2026-05-20T20:12:24.723457
Zip,faq,https://help.zip.co/hc/en-us,li,How do I increase my Zip Pay credit limit?,2026-05-20T20:12:24.723457
Zip,faq,https://help.zip.co/hc/en-us,li,Natural Disaster - Financial Hardship Application,2026-05-20T20:12:24.723457
Zip,faq,https://help.zip.co/hc/en-us,li,Zip’s approach to Family Violence,2026-05-20T20:12:24.723457
Zip,faq,https://help.zip.co/hc/en-us,li,How do I close my account?,2026-05-20T20:12:24.723457
Zip,faq,https://help.zip.co/hc/en-us,li,How do I deactivate my account?,2026-05-20T20:12:24.723457
Zip,faq,https://help.zip.co/hc/en-us,li,"My Purchases My Purchases My Purchases General How can I shop using my available Zip balance? Does Zip charge interest? How to unblock third-party cookies. Can I get a cash advance? Why is my purchase showing as pending? Instore How do I shop instore? What if my account limit does not cover the cost of the purchase instore? Online How do I shop online with Zip? What if my account limit does not cover the cost of the purchase online? Can't make purchase Restricted Industries - Zip Visa Card, Single Use Card and Zip Bills. Why can't I make a purchase? Why is my account locked for use at other retailers? Issue with my Purchase I have an issue with my Purchase Issue with my Gift Card Purchase Issue with my Zip Bills Payment Issue with my Purchase | Zip Visa Card/Single-Use Card Order & Purchase Issues - Zip Affiliated Merchants How do I get a refund or cancel a purchase?",2026-05-20T20:12:24.723457
Zip,faq,https://help.zip.co/hc/en-us,li,How can I shop using my available Zip balance?,2026-05-20T20:12:24.723457
Zip,faq,https://help.zip.co/hc/en-us,li,Does Zip charge interest?,2026-05-20T20:12:24.723457
Zip,faq,https://help.zip.co/hc/en-us,li,How to unblock third-party cookies.,2026-05-20T20:12:24.723457
Zip,faq,https://help.zip.co/hc/en-us,li,Can I get a cash advance?,2026-05-20T20:12:24.723457
Zip,faq,https://help.zip.co/hc/en-us,li,Why is my purchase showing as pending?,2026-05-20T20:12:24.723457
Zip,faq,https://help.zip.co/hc/en-us,li,What if my account limit does not cover the cost of the purchase instore?,2026-05-20T20:12:24.723457
Zip,faq,https://help.zip.co/hc/en-us,li,How do I shop online with Zip?,2026-05-20T20:12:24.723457
Zip,faq,https://help.zip.co/hc/en-us,li,What if my account limit does not cover the cost of the purchase online?,2026-05-20T20:12:24.723457
Zip,faq,https://help.zip.co/hc/en-us,li,"Restricted Industries - Zip Visa Card, Single Use Card and Zip Bills.",2026-05-20T20:12:24.723457
Zip,faq,https://help.zip.co/hc/en-us,li,Why can't I make a purchase?,2026-05-20T20:12:24.723457
Zip,faq,https://help.zip.co/hc/en-us,li,Why is my account locked for use at other retailers?,2026-05-20T20:12:24.723457
Zip,faq,https://help.zip.co/hc/en-us,li,I have an issue with my Purchase,2026-05-20T20:12:24.723457
Zip,faq,https://help.zip.co/hc/en-us,li,Issue with my Gift Card Purchase,2026-05-20T20:12:24.723457
Zip,faq,https://help.zip.co/hc/en-us,li,Issue with my Zip Bills Payment,2026-05-20T20:12:24.723457
Zip,faq,https://help.zip.co/hc/en-us,li,Issue with my Purchase | Zip Visa Card/Single-Use Card,2026-05-20T20:12:24.723457
Zip,faq,https://help.zip.co/hc/en-us,li,Order & Purchase Issues - Zip Affiliated Merchants,2026-05-20T20:12:24.723457
Zip,faq,https://help.zip.co/hc/en-us,li,How do I get a refund or cancel a purchase?,2026-05-20T20:12:24.723457
Zip,faq,https://help.zip.co/hc/en-us,li,"Repayments Repayments Repayments General How can I personalise my repayment schedule? How do I make an additional repayment? What happens if I miss a repayment or don't repay on time? What if I'm struggling to or can't make my repayments? How are my repayments allocated when I'm repaying multiple purchases? My account is in credit, how do I get a refund? Payment Methods Which Payment Methods can I add to my Zip account? How do I add a Debit Card to my Zip account? How do I add a bank account as my Payment Method on my Zip account? Which bank cards are eligible/accepted Payment Methods? BPAY Repayments How do I remove a payment method on my Zip account? How do Zip Pay repayments work? How do I set or change my Zip Pay repayment schedule? How do Zip Pay repayments work and when are they due? Zip Repayment Sample How do Zip Money repayments work?",2026-05-20T20:12:24.723457
Zip,faq,https://help.zip.co/hc/en-us,li,How can I personalise my repayment schedule?,2026-05-20T20:12:24.723457
Zip,faq,https://help.zip.co/hc/en-us,li,How do I make an additional repayment?,2026-05-20T20:12:24.723457
Zip,faq,https://help.zip.co/hc/en-us,li,What happens if I miss a repayment or don't repay on time?,2026-05-20T20:12:24.723457
Zip,faq,https://help.zip.co/hc/en-us,li,What if I'm struggling to or can't make my repayments?,2026-05-20T20:12:24.723457
Zip,faq,https://help.zip.co/hc/en-us,li,How are my repayments allocated when I'm repaying multiple purchases?,2026-05-20T20:12:24.723457
Zip,faq,https://help.zip.co/hc/en-us,li,"My account is in credit, how do I get a refund?",2026-05-20T20:12:24.723457
Zip,faq,https://help.zip.co/hc/en-us,li,Which Payment Methods can I add to my Zip account?,2026-05-20T20:12:24.723457
Zip,faq,https://help.zip.co/hc/en-us,li,How do I add a Debit Card to my Zip account?,2026-05-20T20:12:24.723457
Zip,faq,https://help.zip.co/hc/en-us,li,How do I add a bank account as my Payment Method on my Zip account?,2026-05-20T20:12:24.723457
Zip,faq,https://help.zip.co/hc/en-us,li,Which bank cards are eligible/accepted Payment Methods?,2026-05-20T20:12:24.723457
Zip,faq,https://help.zip.co/hc/en-us,li,How do I remove a payment method on my Zip account?,2026-05-20T20:12:24.723457
Zip,faq,https://help.zip.co/hc/en-us,li,How do Zip Pay repayments work and when are they due?,2026-05-20T20:12:24.723457
Zip,faq,https://help.zip.co/hc/en-us,li,About Zip General FAQ questions about Zip. About Zip About Zip General FAQ questions about Zip. General Zip Info Zip Personal Loan Contact How do I contact Zip Support? | Zip Australia How do I contact Merchant Support? | Zip Australia Who do I contact about my Zip Capital/Business/Trade/Trade Plus Account? Compliments & Complaints Zip Plus Data and Privacy Privacy & Data at Zip,2026-05-20T20:12:24.723457
Zip,faq,https://help.zip.co/hc/en-us,li,How do I contact Zip Support? | Zip Australia,2026-05-20T20:12:24.723457
Zip,faq,https://help.zip.co/hc/en-us,li,How do I contact Merchant Support? | Zip Australia,2026-05-20T20:12:24.723457
Zip,faq,https://help.zip.co/hc/en-us,li,Who do I contact about my Zip Capital/Business/Trade/Trade Plus Account?,2026-05-20T20:12:24.723457
Zip,faq,https://help.zip.co/hc/en-us,span,Go to the new Merchant Help Centre .,2026-05-20T20:12:24.723457
Zip,faq,https://help.zip.co/hc/en-us,a,Go to the new Merchant Help Centre,2026-05-20T20:12:24.723457
Zip,faq,https://help.zip.co/hc/en-us,a,Zip Account Features Use your Zip account everywhere.,2026-05-20T20:12:24.723457
Zip,faq,https://help.zip.co/hc/en-us,a,About Zip General FAQ questions about Zip.,2026-05-20T20:12:24.723457
Sezzle,homepage,https://sezzle.com/,h1,Buy Now Pay Later with the Sezzle App,2026-05-20T20:12:26.923263
Sezzle,homepage,https://sezzle.com/,h2,Shop Now. Pay Later. Your Way.,2026-05-20T20:12:26.923263
Sezzle,homepage,https://sezzle.com/,h2,Take Control of How You Pay,2026-05-20T20:12:26.923263
Sezzle,homepage,https://sezzle.com/,h2,Easily Shop Online or In-Store,2026-05-20T20:12:26.923263
Sezzle,homepage,https://sezzle.com/,h2,Financially Empowering the Next Generation,2026-05-20T20:12:26.923263
Sezzle,homepage,https://sezzle.com/,p,"Shop in-app or in-store, and buy now pay later in 4 easy installments over 6 weeks & no interest.Â¹",2026-05-20T20:12:26.923263
Sezzle,homepage,https://sezzle.com/,p,"Wherever you shop, Sezzle fits right in with interest-freeÂ¹ pay later options and app-exclusive perks.",2026-05-20T20:12:26.923263
Sezzle,homepage,https://sezzle.com/,p,Use Sezzle at thousands of stores or create a virtual card to shop anywhere you love. Start Shopping >,2026-05-20T20:12:26.923263
Sezzle,homepage,https://sezzle.com/,p,"Compare prices, find deals, and earn titles spent with the exclusive app only perks. Discover Perks >",2026-05-20T20:12:26.923263
Sezzle,homepage,https://sezzle.com/,p,"From checkout to payoff, Sezzle puts you in control of how you pay. Manage Payments >",2026-05-20T20:12:26.923263
Sezzle,homepage,https://sezzle.com/,p,Get exclusive access and deals at the top brands you already know & love.,2026-05-20T20:12:26.923263
Sezzle,homepage,https://sezzle.com/,p,Hotels.com Buy Now Pay Later,2026-05-20T20:12:26.923263
Sezzle,homepage,https://sezzle.com/,p,Walmart Buy Now Pay Later,2026-05-20T20:12:26.923263
Sezzle,homepage,https://sezzle.com/,p,DoorDash Buy Now Pay Later,2026-05-20T20:12:26.923263
Sezzle,homepage,https://sezzle.com/,p,Carnival Cruise Lines Buy Now Pay Later,2026-05-20T20:12:26.923263
Sezzle,homepage,https://sezzle.com/,p,"Download the Sezzle app, set up the Virtual Card, and start paying later at top brands like Amazon, Target, & Walmart.Â²",2026-05-20T20:12:26.923263
Sezzle,homepage,https://sezzle.com/,p,"Financial freedom is a right, not a privilege. Weâre here to help you achieve financial freedom and take control over your finances so you can build your future.",2026-05-20T20:12:26.923263
Sezzle,homepage,https://sezzle.com/,span,Experience More in The Sezzle App. Rated 4.8 stars on 210+ ratings with other 11.9M app downloads.,2026-05-20T20:12:26.923263
Sezzle,homepage,https://sezzle.com/,span,Use Sezzle at thousands of stores or create a virtual card to shop anywhere you love.,2026-05-20T20:12:26.923263
Sezzle,homepage,https://sezzle.com/,span,"Compare prices, find deals, and earn titles spent with the exclusive app only perks.",2026-05-20T20:12:26.923263
Sezzle,homepage,https://sezzle.com/,span,"From checkout to payoff, Sezzle puts you in control of how you pay.",2026-05-20T20:12:26.923263
Sezzle,homepage,https://sezzle.com/,span,Trusted by Millions of Shoppers,2026-05-20T20:12:26.923263
Sezzle,homepage,https://sezzle.com/,span,Get the Best Experience. Download the Sezzle App. Get the App.,2026-05-20T20:12:26.923263
Sezzle,how_it_works,https://sezzle.com/how-it-works,h2,Payment Plans that Work for You,2026-05-20T20:12:30.390100
Sezzle,how_it_works,https://sezzle.com/how-it-works,h2,Enhance Your Sezzle Experience,2026-05-20T20:12:30.390100
Sezzle,how_it_works,https://sezzle.com/how-it-works,p,"Shop your favorite stores and split your purchase with flexible, interest-free payments.Â¹",2026-05-20T20:12:30.390100
Sezzle,how_it_works,https://sezzle.com/how-it-works,p,"Whether itâs 4 payments over 6 weeks or monthly paymentsÂ¹ for bigger ticket items, Sezzle gives you the flexibility that fits your needs.",2026-05-20T20:12:30.390100
Sezzle,how_it_works,https://sezzle.com/how-it-works,p,"Pay 50% at time of purchase, then 50% 2 weeks later. No interest.Â¹",2026-05-20T20:12:30.390100
Sezzle,how_it_works,https://sezzle.com/how-it-works,p,Our traditional option splits your purchase total into 4 payments over 6 weeks. No interest.Â¹,2026-05-20T20:12:30.390100
Sezzle,how_it_works,https://sezzle.com/how-it-works,p,For larger purchases you can split between 3â48 months. Subject to approval.Â¹,2026-05-20T20:12:30.390100
Sezzle,how_it_works,https://sezzle.com/how-it-works,p,"Discover the premiere benefits that make Sezzle one of the best buy now, pay later solutions.",2026-05-20T20:12:30.390100
Sezzle,how_it_works,https://sezzle.com/how-it-works,p,Get exclusive access and deals at the top brands you already know & love.,2026-05-20T20:12:30.390100
Sezzle,how_it_works,https://sezzle.com/how-it-works,p,Hotels.com Buy Now Pay Later,2026-05-20T20:12:30.390100
Sezzle,how_it_works,https://sezzle.com/how-it-works,p,Walmart Buy Now Pay Later,2026-05-20T20:12:30.390100
Sezzle,how_it_works,https://sezzle.com/how-it-works,p,DoorDash Buy Now Pay Later,2026-05-20T20:12:30.390100
Sezzle,how_it_works,https://sezzle.com/how-it-works,p,Carnival Cruise Lines Buy Now Pay Later,2026-05-20T20:12:30.390100
Sezzle,how_it_works,https://sezzle.com/how-it-works,span,Sezzle Premium. Get access to over 350 of the biggest brands when you sign up for Sezzle Premium.,2026-05-20T20:12:30.390100
Sezzle,how_it_works,https://sezzle.com/how-it-works,span,Introducing Sezzle Anywhere. Pay in 4 Anywhere You Need It. Sezzle Anywhere. Use Sezzle anywhere that Visa is accepted with your Sezzle Virtual Card.,2026-05-20T20:12:30.390100
Sezzle,how_it_works,https://sezzle.com/how-it-works,span,Trusted by Millions of Shoppers,2026-05-20T20:12:30.390100
Sezzle,how_it_works,https://sezzle.com/how-it-works,span,Get the Best Experience. Download the Sezzle App. Get the App.,2026-05-20T20:12:30.390100
PayPal,homepage,https://www.paypal.com/us/digital-wallet/ways-to-pay/buy-now-pay-later,h1,"Buy now, pay later with PayPal",2026-05-20T20:12:36.689066
PayPal,homepage,https://www.paypal.com/us/digital-wallet/ways-to-pay/buy-now-pay-later,h2,Purchase in store. Pay Monthly.,2026-05-20T20:12:36.689066
PayPal,homepage,https://www.paypal.com/us/digital-wallet/ways-to-pay/buy-now-pay-later,h2,Pay in installments your way,2026-05-20T20:12:36.689066
PayPal,homepage,https://www.paypal.com/us/digital-wallet/ways-to-pay/buy-now-pay-later,h2,"How to buy now, pay later:",2026-05-20T20:12:36.689066
PayPal,homepage,https://www.paypal.com/us/digital-wallet/ways-to-pay/buy-now-pay-later,h2,Compare our flexible options,2026-05-20T20:12:36.689066
PayPal,homepage,https://www.paypal.com/us/digital-wallet/ways-to-pay/buy-now-pay-later,h2,Frequently asked questions,2026-05-20T20:12:36.689066
PayPal,homepage,https://www.paypal.com/us/digital-wallet/ways-to-pay/buy-now-pay-later,h2,Discover more ways to pay,2026-05-20T20:12:36.689066
PayPal,homepage,https://www.paypal.com/us/digital-wallet/ways-to-pay/buy-now-pay-later,h3,Pay over time with no late fees,2026-05-20T20:12:36.689066
PayPal,homepage,https://www.paypal.com/us/digital-wallet/ways-to-pay/buy-now-pay-later,h3,Available at millions of stores,2026-05-20T20:12:36.689066
PayPal,homepage,https://www.paypal.com/us/digital-wallet/ways-to-pay/buy-now-pay-later,h3,No impact to your credit with Pay in 4,2026-05-20T20:12:36.689066
PayPal,homepage,https://www.paypal.com/us/digital-wallet/ways-to-pay/buy-now-pay-later,h3,Peace of mind is built in,2026-05-20T20:12:36.689066
PayPal,homepage,https://www.paypal.com/us/digital-wallet/ways-to-pay/buy-now-pay-later,h3,How to Pay Later with PayPal,2026-05-20T20:12:36.689066
PayPal,homepage,https://www.paypal.com/us/digital-wallet/ways-to-pay/buy-now-pay-later,h3,How to make a Pay Later payment,2026-05-20T20:12:36.689066
PayPal,homepage,https://www.paypal.com/us/digital-wallet/ways-to-pay/buy-now-pay-later,h3,How to use rewards and Pay Later with PayPal,2026-05-20T20:12:36.689066
PayPal,homepage,https://www.paypal.com/us/digital-wallet/ways-to-pay/buy-now-pay-later,h3,Who accepts PayPal Pay in 4?,2026-05-20T20:12:36.689066
PayPal,homepage,https://www.paypal.com/us/digital-wallet/ways-to-pay/buy-now-pay-later,h3,Is a credit check required when applying for PayPal Pay Later offers?,2026-05-20T20:12:36.689066
PayPal,homepage,https://www.paypal.com/us/digital-wallet/ways-to-pay/buy-now-pay-later,h3,Does Pay in 4 or Pay Monthly charge interest and fees?,2026-05-20T20:12:36.689066
PayPal,homepage,https://www.paypal.com/us/digital-wallet/ways-to-pay/buy-now-pay-later,h3,Can I pay off my Pay Monthly loan early?,2026-05-20T20:12:36.689066
PayPal,homepage,https://www.paypal.com/us/digital-wallet/ways-to-pay/buy-now-pay-later,h3,"Why use buy now, pay later (BNPL)?",2026-05-20T20:12:36.689066
PayPal,homepage,https://www.paypal.com/us/digital-wallet/ways-to-pay/buy-now-pay-later,p,Buy what you love. Break up your payments over weeks or months.,2026-05-20T20:12:36.689066
PayPal,homepage,https://www.paypal.com/us/digital-wallet/ways-to-pay/buy-now-pay-later,p,Pay in 4 1 or Pay Monthly. 2 You decide.,2026-05-20T20:12:36.689066
PayPal,homepage,https://www.paypal.com/us/digital-wallet/ways-to-pay/buy-now-pay-later,p,Conveniently pay later online and in stores.,2026-05-20T20:12:36.689066
PayPal,homepage,https://www.paypal.com/us/digital-wallet/ways-to-pay/buy-now-pay-later,p,Apply for our Pay in 4 option without impacting your credit score.,2026-05-20T20:12:36.689066
PayPal,homepage,https://www.paypal.com/us/digital-wallet/ways-to-pay/buy-now-pay-later,p,Enjoy Purchase Protection 3 on your eligible items.,2026-05-20T20:12:36.689066
PayPal,homepage,https://www.paypal.com/us/digital-wallet/ways-to-pay/buy-now-pay-later,p,Buy an item in store you’d like to purchase now but would prefer to pay for over time.,2026-05-20T20:12:36.689066
PayPal,homepage,https://www.paypal.com/us/digital-wallet/ways-to-pay/buy-now-pay-later,p,"Split your purchase into 4 interest-free, bi-weekly payments. 1",2026-05-20T20:12:36.689066
PayPal,homepage,https://www.paypal.com/us/digital-wallet/ways-to-pay/buy-now-pay-later,p,"Purchases from $30 to $1,500",2026-05-20T20:12:36.689066
PayPal,homepage,https://www.paypal.com/us/digital-wallet/ways-to-pay/buy-now-pay-later,p,First payment due at time of purchase. Three interest-free payments after.,2026-05-20T20:12:36.689066
PayPal,homepage,https://www.paypal.com/us/digital-wallet/ways-to-pay/buy-now-pay-later,p,"Enjoy the flexibility of 3, 6, 12, or 24-month payment plans with $0 down. 2",2026-05-20T20:12:36.689066
PayPal,homepage,https://www.paypal.com/us/digital-wallet/ways-to-pay/buy-now-pay-later,p,"Purchases from $49 to $10,000",2026-05-20T20:12:36.689066
PayPal,homepage,https://www.paypal.com/us/digital-wallet/ways-to-pay/buy-now-pay-later,p,$0 down at checkout with varying interest rates,2026-05-20T20:12:36.689066
PayPal,homepage,https://www.paypal.com/us/digital-wallet/ways-to-pay/buy-now-pay-later,p,Available online and in store,2026-05-20T20:12:36.689066
PayPal,homepage,https://www.paypal.com/us/digital-wallet/ways-to-pay/buy-now-pay-later,p,Find PayPal Pay Later options at millions of online stores.,2026-05-20T20:12:36.689066
PayPal,homepage,https://www.paypal.com/us/digital-wallet/ways-to-pay/buy-now-pay-later,p,You choose how you’ll pay.,2026-05-20T20:12:36.689066
PayPal,homepage,https://www.paypal.com/us/digital-wallet/ways-to-pay/buy-now-pay-later,p,Find out if you’re approved in seconds. Then pick the plan that works best for you.,2026-05-20T20:12:36.689066
PayPal,homepage,https://www.paypal.com/us/digital-wallet/ways-to-pay/buy-now-pay-later,p,Do it securely in the app or online with the ease of autopay.,2026-05-20T20:12:36.689066
PayPal,homepage,https://www.paypal.com/us/digital-wallet/ways-to-pay/buy-now-pay-later,p,"Pay in 4 is available to use at millions of online merchant sites where PayPal is accepted. Check out a list of some of the available brands here , search for your favorite brand, if available, save the deal, and create your own list. Transactions can be made in all currencies that PayPal supports, not just USD. For transactions not in USD, PayPal will automatically convert the transaction amount to USD at checkout before you apply for Pay in 4.",2026-05-20T20:12:36.689066
PayPal,homepage,https://www.paypal.com/us/digital-wallet/ways-to-pay/buy-now-pay-later,p,"When applying for PayPal Pay in 4, a soft credit check may be needed, but will not affect your credit score. You must be 18 years old or older when applying for Pay Later.",2026-05-20T20:12:36.689066
PayPal,homepage,https://www.paypal.com/us/digital-wallet/ways-to-pay/buy-now-pay-later,p,"Pay in 4 is always interest-free, with no late fees or sign-up fees. With Pay Monthly, you will pay a fixed interest rate, which varies based on your credit, and you won't pay any late fees or sign-up fees.",2026-05-20T20:12:36.689066
PayPal,homepage,https://www.paypal.com/us/digital-wallet/ways-to-pay/buy-now-pay-later,p,Yes. You can view your Pay Monthly remaining balance in the PayPal app by clicking Pay Later. There you can make additional payments as desired or pay off the loan in full at any time and you won’t be charged a fee or penalty if you do so.,2026-05-20T20:12:36.689066
PayPal,homepage,https://www.paypal.com/us/digital-wallet/ways-to-pay/buy-now-pay-later,p,"Buy now, pay later solutions are excellent options if you want to make purchases more manageable by paying them off over time. Get what you want right away and break the payments up over weeks or months.",2026-05-20T20:12:36.689066
PayPal,homepage,https://www.paypal.com/us/digital-wallet/ways-to-pay/buy-now-pay-later,p,It’s your do-it-all digital wallet. Load up on rewards before you shop. Track your packages. And manage it all on the go.,2026-05-20T20:12:36.689066
PayPal,homepage,https://www.paypal.com/us/digital-wallet/ways-to-pay/buy-now-pay-later,span,Pay in 4 is available to use at millions of online merchant sites where PayPal is accepted. Check out a list of some of the available brands,2026-05-20T20:12:36.689066
PayPal,homepage,https://www.paypal.com/us/digital-wallet/ways-to-pay/buy-now-pay-later,span,", search for your favorite brand, if available, save the deal, and create your own list. Transactions can be made in all currencies that PayPal supports, not just USD. For transactions not in USD, PayPal will automatically convert the transaction amount to USD at checkout before you apply for Pay in 4.",2026-05-20T20:12:36.689066
PayPal,homepage,https://www.paypal.com/us/digital-wallet/ways-to-pay/buy-now-pay-later,span,"Pay in 4 is available to consumers upon approval for purchases of $30 to $1,500. Pay in 4 is currently not available to residents of MO. Offer availability depends on the merchant and also may not be available for certain recurring, subscription services. When applying, a soft credit check may be needed, but will not affect your credit score. You must be 18 years old or older to apply.: The lender for Pay in 4 is PayPal, Inc. (NMLS# 910457). Loans to CA residents are made or arranged pursuant to a CA Financing Law License. RI Small Loan Lender Licensee. NM residents:",2026-05-20T20:12:36.689066
PayPal,homepage,https://www.paypal.com/us/digital-wallet/ways-to-pay/buy-now-pay-later,span,"Pay Monthly is a consumer loan, and is subject to consumer credit approval and eligibility. In store single-use card is valid for one purchase and must be used within 24 hours of loan approval. Fixed APR is 9.99-35.99%. Terms and rates vary based on purchase amount and your credit. For example, a $200 purchase can be paid at 26% APR in 3 monthly payments ($69.56/mo.; $8.68 interest; $208.68 total of payments) . A $600 purchase can be paid at 26% APR in 6 monthly payments ($107.76/mo.; $46.57 interest; $646.57 total of payments) or 12 monthly payments ($57.33/mo.; $88.01 interest; $688.01 total of payments). A $1,500 purchase can be paid at 26% APR in 24 monthly payments ($80.77/mo; $438.47 interest; $1,938.47 total of payments). Payments may change based on shipping, taxes, updates to your purchase, or missed payments. Availability depends on the merchant and may not be available for subscriptions or recurring payments. Pay Monthly is currently not available to residents of AK, CT, HI or WA. You must be 18 years old or older to apply. Missed payments may have an impact on your credit score. The lender for Pay Monthly is WebBank. Marketing and program management by PayPal, Inc. (NMLS # 910457).: RI Loan Broker Licensee. VT Loan Solicitation Licensee. VT residents: THIS IS A LOAN SOLICITATION ONLY. PAYPAL, INC. IS NOT THE LENDER. INFORMATION RECEIVED WILL BE SHARED WITH ONE OR MORE THIRD PARTIES IN CONNECTION WITH YOUR LOAN INQUIRY. THE LENDER MAY NOT BE SUBJECT TO ALL VERMONT LENDING LAWS. THE LENDER MAY BE SUBJECT TO FEDERAL LENDING LAWS. Servicing by Bill Me Later, Inc. (NMLS#2296861).",2026-05-20T20:12:36.689066
PayPal,homepage,https://www.paypal.com/us/digital-wallet/ways-to-pay/buy-now-pay-later,span,PayPal Purchase Protection is available on eligible transactions.,2026-05-20T20:12:36.689066
PayPal,homepage,https://www.paypal.com/us/digital-wallet/ways-to-pay/buy-now-pay-later,a,Terms and limitations apply,2026-05-20T20:12:36.689066
PayPal,how_it_works,https://www.paypal.com/us/webapps/mpp/paypal-instalments,ERROR,FETCH_FAILED,2026-05-20T20:12:41.138213
PayPal,faq,https://www.paypal.com/us/cshelp/article/what-is-pay-later-and-how-does-it-work-help267,h1,I'm not receiving the SMS or text to confirm my identity. What should I do?,2026-05-20T20:12:45.256913
PayPal,faq,https://www.paypal.com/us/cshelp/article/what-is-pay-later-and-how-does-it-work-help267,h4,"If you accept cookies, we’ll use them to improve and customize your experience and enable our partners to show you personalized PayPal ads when you visit other sites. Manage cookies and learn more",2026-05-20T20:12:45.256913
PayPal,faq,https://www.paypal.com/us/cshelp/article/what-is-pay-later-and-how-does-it-work-help267,p,"If you are not receiving a text from us, you may want to try re-adding your phone number to your account. If you have more than one phone number added to your PayPal account, you can select the phone number you would like to receive the text. If you no longer have the phone number listed on your PayPal account, add your current number.",2026-05-20T20:12:45.256913
PayPal,faq,https://www.paypal.com/us/cshelp/article/what-is-pay-later-and-how-does-it-work-help267,p,"Here’s how to add, change or remove a phone number on the PayPal website:",2026-05-20T20:12:45.256913
PayPal,faq,https://www.paypal.com/us/cshelp/article/what-is-pay-later-and-how-does-it-work-help267,p,"To add, change, or remove a phone number on the app:",2026-05-20T20:12:45.256913
PayPal,faq,https://www.paypal.com/us/cshelp/article/what-is-pay-later-and-how-does-it-work-help267,p,"If you’re not receiving texts from us after re-adding your phone number, contact your mobile phone carrier and ask them to turn on short-code text messaging. Depending on the transaction/activity we will send you one of 2 texts. We may send you a text asking you to confirm your activity (by replying 1 for yes or 2 for no) or, we will send a text with a 6-digit code that you will need to enter on the screen. The code is in the body of the text and not the 725-729 from PayPal number.",2026-05-20T20:12:45.256913
PayPal,faq,https://www.paypal.com/us/cshelp/article/what-is-pay-later-and-how-does-it-work-help267,p,"This code expires after 5-10 minutes. If you missed the timeframe, click Resend if the option is available or click Try another way.",2026-05-20T20:12:45.256913
PayPal,faq,https://www.paypal.com/us/cshelp/article/what-is-pay-later-and-how-does-it-work-help267,li,In the Phone Numbers section:,2026-05-20T20:12:45.256913
PayPal,faq,https://www.paypal.com/us/cshelp/article/what-is-pay-later-and-how-does-it-work-help267,li,Click + Add New to add a new phone number. Enter the details then click Add phone number . (Remember to confirm it).,2026-05-20T20:12:45.256913
PayPal,faq,https://www.paypal.com/us/cshelp/article/what-is-pay-later-and-how-does-it-work-help267,li,"To edit your phone number, click Change next to the number. Make your edits, then click Update Number.",2026-05-20T20:12:45.256913
PayPal,faq,https://www.paypal.com/us/cshelp/article/what-is-pay-later-and-how-does-it-work-help267,li,"To remove a phone number, click Remove beside the number. (You can only remove a phone number if you have at least two added to your PayPal account.)",2026-05-20T20:12:45.256913
PayPal,faq,https://www.paypal.com/us/cshelp/article/what-is-pay-later-and-how-does-it-work-help267,li,"To add a new phone number, tap + Add a phone number , enter the number, and tap Add .",2026-05-20T20:12:45.256913
PayPal,faq,https://www.paypal.com/us/cshelp/article/what-is-pay-later-and-how-does-it-work-help267,li,"To edit a phone number, tap the number, make your edits, then tap Done .",2026-05-20T20:12:45.256913
PayPal,faq,https://www.paypal.com/us/cshelp/article/what-is-pay-later-and-how-does-it-work-help267,li,"To remove a phone number, tap the number, scroll down, and tap Remove . (You can only remove a phone number if you have at least two added to your PayPal account.)",2026-05-20T20:12:45.256913
PayPal,faq,https://www.paypal.com/us/cshelp/article/what-is-pay-later-and-how-does-it-work-help267,a,Manage cookies and learn more,2026-05-20T20:12:45.256913
